-- phpMyAdmin SQL Dump
-- version 4.7.4
-- https://www.phpmyadmin.net/
--
-- Host: 127.0.0.1:3306
-- Generation Time: Mar 31, 2018 at 10:51 AM
-- Server version: 5.7.19
-- PHP Version: 5.6.31

SET SQL_MODE = "NO_AUTO_VALUE_ON_ZERO";
SET AUTOCOMMIT = 0;
START TRANSACTION;
SET time_zone = "+00:00";


/*!40101 SET @OLD_CHARACTER_SET_CLIENT=@@CHARACTER_SET_CLIENT */;
/*!40101 SET @OLD_CHARACTER_SET_RESULTS=@@CHARACTER_SET_RESULTS */;
/*!40101 SET @OLD_COLLATION_CONNECTION=@@COLLATION_CONNECTION */;
/*!40101 SET NAMES utf8mb4 */;

--
-- Database: `mac_express_inv`
--

-- --------------------------------------------------------

--
-- Table structure for table `device`
--

DROP TABLE IF EXISTS `device`;
CREATE TABLE IF NOT EXISTS `device` (
  `device_id` int(11) NOT NULL AUTO_INCREMENT,
  `device_name` varchar(45) NOT NULL,
  `device_description` varchar(255) DEFAULT NULL,
  `supplier_id` int(11) DEFAULT NULL,
  PRIMARY KEY (`device_id`)
) ENGINE=MyISAM AUTO_INCREMENT=33 DEFAULT CHARSET=latin1;

--
-- Dumping data for table `device`
--

INSERT INTO `device` (`device_id`, `device_name`, `device_description`, `supplier_id`) VALUES
(1, '4-PORT SWITCH', NULL, 1),
(2, 'APC SMART UPS', NULL, 1),
(3, 'Cash Drawer', NULL, 2),
(4, 'CPU Admin', NULL, 2),
(5, 'DCT-3 IP', NULL, 1),
(6, 'Display Stealth', NULL, 1),
(7, 'JBOX USB', NULL, 2),
(8, 'Keyboard - Mini', NULL, 1),
(9, 'Keyboard - Standard', NULL, 7),
(10, 'MDB-IP', NULL, 7),
(11, 'Moneris', NULL, 7),
(12, 'Net Manager', NULL, 2),
(13, 'OTC Terminal', NULL, 7),
(14, 'Printer Rcpt SP212-Ser', NULL, 1),
(15, 'Printer Rcpt SP512-Par', NULL, 1),
(16, 'Printer Rcpt SP512-Ser', NULL, 7),
(17, 'Printer Rcpt SP512-USB', NULL, 2),
(18, 'Printer Rcpt SP700-Eth', NULL, 7),
(19, 'Printer Rcpt SP700-Par', NULL, 1),
(20, 'Printer Rcpt SP700-USB', NULL, 2),
(21, 'Printer TRcpt TSP743', NULL, 1),
(22, 'SB Loyalty Card Reader (Verifone)', NULL, 1),
(23, 'Scale', NULL, 2),
(24, 'Scanner', NULL, 7),
(25, 'STEALTH POS 15\"', NULL, 7),
(26, 'Surface Pro', NULL, NULL),
(28, 'test-edit', 'test-edit', NULL),
(30, 'Fans', 'Nothings', 7),
(31, 'Power Surge', NULL, 2),
(32, 'Pocket PC', NULL, 3);

-- --------------------------------------------------------

--
-- Table structure for table `inventory`
--

DROP TABLE IF EXISTS `inventory`;
CREATE TABLE IF NOT EXISTS `inventory` (
  `inventory_id` int(11) NOT NULL AUTO_INCREMENT,
  `inventory_serial_number` varchar(45) NOT NULL,
  `inventory_hcs_number` varchar(45) DEFAULT NULL,
  `inventory_date_purchase` date DEFAULT NULL,
  `inventory_is_active` tinyint(1) NOT NULL DEFAULT '1',
  `inventory_notes` varchar(255) DEFAULT NULL,
  `terminal_id` int(11) DEFAULT '1',
  `device_id` int(11) DEFAULT '1',
  PRIMARY KEY (`inventory_id`),
  UNIQUE KEY `inventory_serial_number` (`inventory_serial_number`),
  KEY `fk_terminal_id` (`terminal_id`),
  KEY `fk_device_id` (`device_id`)
) ENGINE=MyISAM AUTO_INCREMENT=567 DEFAULT CHARSET=latin1;

--
-- Dumping data for table `inventory`
--

INSERT INTO `inventory` (`inventory_id`, `inventory_serial_number`, `inventory_hcs_number`, `inventory_date_purchase`, `inventory_is_active`, `inventory_notes`, `terminal_id`, `device_id`) VALUES
(60, '156581200885', '', '2010-09-01', 1, '', 40, 15),
(59, '156581200666', '', '2012-02-29', 1, '', 166, 15),
(58, '156580601079', '', '2008-08-06', 1, '', 128, 15),
(54, '156580100469', '', '2000-01-01', 1, '', 127, 20),
(57, '156580601078', '', '2016-01-07', 1, '', 129, 15),
(56, '156580500522', '', '2010-09-01', 1, '', 113, 15),
(55, '156580500521', '', '2008-08-06', 0, '', 999, 17),
(53, '156580100466', '', '2008-10-24', 1, '', 116, 15),
(52, '156570400050', '', '2006-10-01', 1, '', 113, 15),
(51, '156570300850', '', '2007-04-27', 1, '', 102, 15),
(50, '156570300841', '', '2007-04-27', 1, '', 101, 15),
(49, '156570300782', '', '2007-04-27', 1, '', 39, 15),
(48, '156570300499', '', '2007-04-27', 1, '', 46, 15),
(47, '156570200562', '', '2007-05-29', 0, '', 999, 17),
(46, '156550900172', '', '2005-09-01', 1, '', 113, 15),
(45, '156550900106', '', '2005-09-01', 0, '', 999, 17),
(44, '156550900102', '', '2005-09-01', 0, '', 999, 17),
(43, '150531000383', '', '2000-01-01', 1, '', 113, 15),
(42, '150150500024', '', '2011-01-18', 1, '', 108, 16),
(41, '150150500007', '', '2000-01-01', 0, '', 134, 14),
(40, '150030300091', '', '2012-09-07', 1, '', 113, 17),
(61, '156581200889', '', '2009-09-01', 1, '', 169, 15),
(62, '156581200898', '', '2016-01-07', 1, '', 43, 15),
(63, '156581200899', '', '2010-09-01', 1, '', 113, 15),
(64, '156581200901', '', '2012-02-29', 1, '', 69, 15),
(65, '156670600019', '', '2010-02-18', 1, '', 167, 16),
(66, '156670600421', '', '2000-01-01', 1, 'Removed from ESM as scrap printer', 999, 16),
(67, '17215010500685', '', '2017-09-01', 1, '', 113, 24),
(68, '17215010500950', '', '2017-09-01', 1, 'From Spare and moved to MMM-TH', 46, 24),
(69, '17215010500951', '', '2017-09-01', 1, '', 113, 24),
(70, '17215010500952', '', '2017-09-01', 1, '', 113, 24),
(71, '17215010500960', '', '2017-09-01', 1, '', 113, 24),
(72, '2156010020600100', '', '2012-03-15', 0, '', 66, 17),
(73, '2156010020600150', '', '2012-03-15', 1, '', 63, 15),
(74, '2156110010600010', '', '2011-01-21', 1, 'Defective Receipt Printer from Pizza Pizza Dec.4/17', 999, 16),
(75, '2156510010600495', '', '2016-01-07', 1, '', 71, 15),
(76, '2156510010600781', '', '2013-07-09', 1, '', 100, 15),
(77, '2156510040600367', '', '2012-03-15', 1, '', 31, 15),
(78, '2156510040600464', '', '2010-11-25', 1, '', 143, 17),
(79, '2156610040600194', '', '2010-01-09', 1, '', 113, 16),
(80, '2261510040600109', '', '2010-01-09', 1, '', 4, 20),
(81, '2261512070600830', '', '2012-09-17', 1, '', 113, 18),
(82, '2261512070600863', '', '2012-12-21', 1, '', 113, 18),
(83, '2261512070600888', '', '2012-12-21', 0, '', 113, 20),
(84, '2280312060600092', '', '2013-04-05', 0, '', 113, 20),
(85, '2280312060600108', '', '2013-04-05', 1, '', 267, 21),
(86, '2280312060600124', '', '2013-04-05', 1, 'Reserved for Booster', 113, 21),
(87, '22811500600407', '', '2016-08-08', 1, '', 113, 18),
(88, '25430042', '', '2017-04-08', 1, '', 198, 10),
(89, '25430053', '', '2017-04-08', 1, '', 186, 10),
(90, '261470400046', '', '2010-01-09', 1, '', 2, 20),
(91, '26640081', '', '2017-04-08', 1, '', 187, 10),
(92, '26930044', '', '2017-04-08', 1, '', 184, 10),
(93, '27370015', '', '2017-04-08', 1, '', 204, 10),
(94, '27370019', '', '2017-04-08', 1, '', 203, 10),
(95, '27370021', '', '2017-04-08', 1, '', 202, 10),
(96, '27370024', '', '2017-04-08', 1, '', 201, 10),
(97, '27920098', '', '2017-04-08', 1, '', 206, 10),
(98, '27920100', '', '2017-04-08', 1, '', 205, 10),
(99, '27920108-2', '', '2017-04-08', 1, '', 200, 10),
(100, '27930018', '', '2017-04-08', 1, '', 199, 10),
(101, '286377906', '', '2017-02-22', 1, '', 155, 22),
(102, '2UA2111G8H', '', '2012-06-01', 1, '', 2, 4),
(103, '2UA2111G8S', '', '2012-04-20', 1, '', 4, 4),
(104, '2UA2111G91', '', '2012-04-20', 1, '', 143, 4),
(105, '2UA2111G9D', '', '2012-04-20', 1, '', 53, 4),
(106, '324196623', '', '2016-12-08', 0, '', 155, 22),
(107, '50A0187330', '', '2010-01-09', 0, '', 113, 24),
(108, '5M05920', '5M05920', '2008-09-01', 0, '', 113, 25),
(109, '5M05921', '5M05921', '2008-09-01', 0, '', 113, 25),
(110, '5M37742', '5M37742', '2013-03-23', 0, '', 113, 25),
(111, '5M37743', '5M37743', '2013-03-22', 0, '', 113, 25),
(112, '64960116FQ', '', '2013-09-19', 0, '', 113, 23),
(113, '67559566ML', '', '2010-01-09', 0, '', 999, 23),
(114, '67559576ML', '', '2010-01-09', 0, '', 999, 23),
(115, '67560426ML', '', '2010-05-11', 0, '', 999, 23),
(116, '67560466ML', '', '2009-05-01', 0, '', 999, 23),
(117, '67560516ML', '', '2010-05-11', 0, '', 999, 23),
(118, '67560526ML', '', '2010-05-11', 0, '', 999, 23),
(119, '67560546ML', '', '2010-05-11', 0, '', 999, 23),
(120, '67560656ML', '', '2010-01-09', 0, '', 999, 23),
(121, '67795976ML', '', '2010-01-09', 0, '', 999, 23),
(122, '84038262', '', '2017-03-23', 1, '', 55, 11),
(123, '84053333', '', '2017-04-10', 1, '', 102, 11),
(124, '92630051', '', '2017-04-08', 1, '', 188, 10),
(125, '92630054', '', '2017-04-08', 1, '', 185, 10),
(126, '92630058', '', '2017-04-08', 1, '', 193, 10),
(127, '92630058-2', '', '2017-04-08', 1, '', 194, 10),
(128, '92630073', '', '2017-04-08', 1, '', 173, 10),
(129, '92800058', '', '2017-04-08', 1, '', 189, 10),
(130, '92800064', '', '2017-04-08', 1, '', 195, 10),
(131, '92800070', '', '2017-04-08', 1, '', 196, 10),
(132, '92800071', '', '2017-04-08', 1, '', 190, 10),
(133, '9280073', '', '2017-04-08', 1, '', 191, 10),
(134, '93340077', '', '2017-04-08', 1, '', 197, 10),
(135, '94080028', '', '2017-04-08', 1, '', 192, 10),
(136, 'ADMIN LICENCE', '', '2012-10-01', 0, '', 113, 4),
(137, 'B198211', '', '2000-01-01', 1, '', 56, 2),
(138, 'B198223', '', '2000-01-01', 1, '', 6, 8),
(139, 'B198227', '', '2000-01-01', 1, '', 11, 2),
(140, 'B198228', '', '2001-08-30', 1, '', 147, 2),
(141, 'B198229', '', '2010-09-01', 1, '', 31, 2),
(142, 'B198288', '', '2000-01-01', 1, '', 23, 3),
(143, 'B198697', '', '2000-09-01', 0, '', 999, 8),
(144, 'B198698', '', '2000-01-01', 1, 'PS2', 43, 8),
(145, 'B198700', '', '2000-01-01', 0, '', 113, 8),
(146, 'B198701', '', '2000-01-01', 0, '', 113, 8),
(147, 'B198759', '', '2000-01-01', 1, '', 6, 2),
(148, 'B198762', '', '2000-01-01', 1, '', 46, 2),
(149, 'B198764', '', '2000-01-01', 1, '', 21, 2),
(150, 'B198765', '', '2000-01-01', 1, '', 71, 2),
(151, 'B198766', '', '2010-09-01', 1, '', 37, 2),
(152, 'B198767', '', '2000-01-01', 1, '', 40, 2),
(153, 'B198771', '', '2000-01-01', 1, '', 2, 2),
(154, 'B199382', '', '2000-01-01', 1, '', 113, 2),
(155, 'B199383', '', '2000-01-01', 0, '', 113, 2),
(156, 'B208189', '', '2000-09-01', 1, '', 50, 2),
(157, 'B208190', '', '2000-09-01', 1, '', 129, 2),
(158, 'B210338', '', '2002-07-01', 1, '', 138, 2),
(159, 'B210339', '', '2000-01-01', 1, '', 55, 2),
(160, 'B210341', '', '2001-03-16', 1, '', 15, 8),
(161, 'B210342', '', '2000-01-01', 1, 'PS2', 113, 8),
(162, 'B210344', '', '2002-07-01', 1, 'PS2', 113, 8),
(163, 'B214719', '', '2002-07-01', 1, '', 15, 2),
(164, 'B214722', '', '2000-01-01', 0, '', 113, 2),
(165, 'B215548', '', '2000-01-01', 1, '', 84, 6),
(166, 'B215819', '700010500103', '2010-01-09', 1, 'Scrap from Ginos 11/01/2017', 999, 14),
(167, 'B216089', '', '2000-01-01', 1, '', 60, 3),
(168, 'B216090', '', '2000-01-01', 1, '', 25, 3),
(169, 'B216091', '', '2000-01-01', 1, '', 61, 3),
(170, 'B216098', '', '2000-01-01', 0, '', 999, 8),
(171, 'B216099', '', '2009-05-01', 0, '', 113, 8),
(172, 'B216100', '', '2000-01-01', 0, '', 999, 8),
(173, 'B216101', '', '2000-01-01', 1, '', 60, 2),
(174, 'B216102', '', '2013-09-11', 0, '', 113, 2),
(175, 'B216103', '', '2000-01-01', 1, '', 61, 2),
(176, 'B216104', '', '2000-01-01', 1, '', 25, 6),
(177, 'B216105', '', '2000-01-01', 1, '', 60, 6),
(178, 'B216106', '', '2000-01-01', 1, '', 61, 6),
(179, 'B217505', '', '2000-01-01', 0, '', 66, 8),
(180, 'B217506', '', '2013-09-01', 0, '', 113, 8),
(181, 'B217513', '', '2000-01-01', 1, '', 63, 3),
(182, 'B217514', '', '2000-01-01', 0, '', 66, 3),
(183, 'B217515', '', '2000-01-01', 0, '', 46, 3),
(184, 'B217547', '', '2008-08-07', 1, '', 63, 6),
(185, 'B217549', '', '2012-09-11', 1, '', 55, 6),
(186, 'B218332', '', '2000-01-01', 1, '', 63, 2),
(187, 'B218517', '', '2000-01-01', 1, '', 69, 2),
(188, 'B218519', '', '2010-01-09', 0, '', 126, 14),
(189, 'B218523', '', '2000-01-01', 1, '', 174, 2),
(190, 'B218632', '', '2000-01-01', 1, '', 100, 2),
(191, 'B218636', '', '2009-07-15', 0, '', 999, 8),
(192, 'B218639', '', '2000-01-01', 0, '', 113, 6),
(193, 'B221535', '', '2000-01-01', 1, '', 56, 6),
(194, 'B221550', '', '2000-01-01', 1, '', 84, 2),
(195, 'B303486', '', '2000-01-01', 0, '', 113, 8),
(196, 'BC-1-9203', '', '2000-01-01', 0, '', 113, 24),
(197, 'BL1616-1', '', '2010-01-09', 1, '', 113, 3),
(198, 'BL1616-2', '', '2010-01-09', 1, '', 113, 3),
(199, 'BL1616-3', '', '2010-01-09', 1, '', 113, 3),
(200, 'BL1616-4', '', '2010-01-09', 1, '', 23, 3),
(201, 'BL1618-1', '', '2010-01-09', 1, '', 113, 3),
(202, 'BYMAC-ADMIN', 'LX09YK1', '2007-05-01', 1, '', 104, 4),
(203, 'C300933', '', '2000-01-01', 1, '', 43, 2),
(204, 'C300937', '', '2000-01-01', 1, '', 169, 6),
(205, 'C300975', 'TWC6030RBK', '2010-01-09', 0, '', 96, 32),
(206, 'C300977', 'TWC4401JH1', '2010-01-09', 0, '', 97, 32),
(207, 'C300980', 'TWC6030RJJ', '2010-01-09', 0, '', 94, 32),
(208, 'C300995', 'TWC6030R2R', '2010-01-09', 0, '', 98, 32),
(209, 'C303483', '', '2010-09-01', 1, 'PS2', 113, 8),
(210, 'C303487', '', '2010-01-09', 0, '', 113, 2),
(211, 'C303489', '', '2006-06-02', 0, '', 999, 8),
(212, 'C305046', '', '2009-05-01', 1, '', 131, 2),
(213, 'C305233', '', '2008-08-07', 0, '', 999, 8),
(214, 'C305234', '', '2010-01-09', 1, '', 113, 2),
(215, 'C305237', '', '2009-05-01', 1, '', 128, 2),
(216, 'C305240', '', '2010-09-01', 1, '', 39, 2),
(217, 'C305528', '', '2006-07-01', 1, '', 61, 7),
(218, 'C305529', '', '2009-08-26', 1, '', 25, 7),
(219, 'C306865', '', '2007-04-27', 1, '', 102, 2),
(220, 'C306868', '', '2007-04-27', 1, '', 103, 2),
(221, 'C306870', '', '2009-05-01', 0, '', 999, 8),
(222, 'C306871', '', '2007-04-27', 1, '', 101, 2),
(223, 'C306873', '', '2008-09-01', 0, '', 999, 8),
(224, 'C306930', '', '2007-04-27', 1, '', 101, 6),
(225, 'C306932', '', '2007-04-27', 1, '', 102, 6),
(226, 'C306933', '', '2008-09-01', 1, '', 50, 6),
(227, 'C307536', '', '2007-09-01', 1, '', 105, 5),
(228, 'C308779', '', '2008-03-25', 0, '', 999, 8),
(229, 'C308780', '', '2000-01-01', 1, '', 116, 2),
(230, 'C308781', '', '2009-01-09', 1, '', 128, 6),
(231, 'C308782', '', '2008-10-24', 1, '', 116, 6),
(232, 'C308988', '', '2009-05-01', 0, '', 999, 8),
(233, 'C309022', '', '2009-08-11', 1, 'Defective DCT-3 from ESM', 999, 5),
(234, 'C309074', '', '2009-05-01', 1, '', 108, 5),
(235, 'C314309', '', '2011-03-30', 1, '', 103, 7),
(236, 'C314310', '', '2011-03-30', 1, '', 84, 7),
(237, 'C314740', '', '2009-09-09', 1, '', 126, 5),
(238, 'C315001', '', '2010-01-09', 0, '', 113, 7),
(239, 'C315012', '', '2011-12-04', 0, '', 999, 7),
(240, 'C315034', '', '2011-12-04', 1, '07/31/2017 - from LP to IAHS', 71, 7),
(241, 'C315046', '', '2010-01-09', 1, '', 2, 7),
(242, 'C315051', 'IP#192.168.1.3', '2012-03-23', 1, '', 113, 5),
(243, 'C315060', '', '2011-09-03', 1, '', 129, 7),
(244, 'C315086', '', '2011-11-28', 1, '', 113, 7),
(245, 'C315087', '', '2010-01-09', 1, '', 147, 7),
(246, 'C315089', '', '2011-01-04', 0, '', 999, 7),
(247, 'C317611', '', '2010-09-14', 1, '', 113, 7),
(248, 'C317612', '', '2010-09-14', 1, '', 23, 7),
(249, 'C317613', '', '2010-09-14', 1, '', 23, 7),
(250, 'C318206', '', '2011-03-23', 1, '', 128, 7),
(251, 'C318207', '', '2011-01-18', 1, '', 21, 7),
(252, 'C318209', '', '2011-01-18', 0, '', 999, 7),
(253, 'C318210', '', '2013-08-19', 1, 'FROM LAPAIZZA', 113, 7),
(254, 'C318211', '', '2011-01-18', 1, '', 131, 7),
(255, 'C318212', '', '2013-11-06', 1, '', 46, 7),
(256, 'C318213', '', '2016-01-07', 1, '', 71, 7),
(257, 'C318214', '', '2011-03-24', 1, '', 43, 7),
(258, 'C318216', '', '2011-01-18', 1, '', 60, 7),
(259, 'C318217', '', '2011-01-18', 1, '', 63, 7),
(260, 'C318218', '', '2011-04-03', 1, 'FROM SPARE TO CENTRO', 37, 7),
(261, 'C318219', '', '2011-04-03', 0, '', 999, 7),
(262, 'C318220', '', '2012-10-30', 1, '', 55, 7),
(263, 'C318221', '', '2012-10-30', 1, '', 56, 7),
(264, 'C318244', '', '2011-01-04', 0, '', 999, 7),
(265, 'C318245', '', '2011-01-04', 0, '', 999, 7),
(266, 'C318247', '', '2010-01-09', 1, '', 138, 7),
(267, 'C318248', '', '2013-08-19', 1, '', 48, 7),
(268, 'C318249', '', '2010-01-09', 1, '', 116, 7),
(269, 'C318250', '', '2011-01-04', 1, '', 174, 7),
(270, 'C318251', '', '2011-04-19', 1, '', 69, 7),
(271, 'C318252', '', '2011-04-19', 1, '', 69, 7),
(272, 'C318287', '', '2010-11-11', 0, '', 113, 7),
(273, 'C318290', '', '2010-11-11', 1, '', 71, 7),
(274, 'C318291', '', '2010-11-11', 1, '', 21, 7),
(275, 'C318292', '', '2010-11-11', 0, '', 113, 7),
(276, 'C318293', '', '2010-11-11', 1, '', 11, 7),
(277, 'C318294', '', '2011-01-04', 1, '', 40, 7),
(278, 'C318296', '', '2010-11-11', 0, '', 999, 7),
(279, 'C318297', '', '2010-11-11', 0, '', 999, 7),
(280, 'C318300', '', '2010-11-11', 1, '', 40, 7),
(281, 'C318301', '', '2010-11-11', 1, '', 39, 7),
(282, 'C318302', '', '2010-11-11', 0, '', 113, 7),
(283, 'C318304', '', '2010-11-11', 0, '', 999, 7),
(284, 'C320110', '', '2010-01-09', 1, '', 145, 10),
(285, 'C322894', '', '2011-01-11', 1, '', 113, 7),
(286, 'C323082', '', '2013-10-30', 1, '', 175, 5),
(287, 'C323895', '5M29989', '2011-10-08', 1, '', 180, 25),
(288, 'C324039', '5M31712', '2012-05-10', 1, 'NIC: 70F395C0D13B', 113, 25),
(289, 'C324040', '5M31713', '2012-05-09', 1, '', 69, 25),
(290, 'C325563', '', '2012-11-30', 1, '', 11, 7),
(291, 'C326008', '5M37765', '2012-07-26', 1, '', 46, 25),
(292, 'C326009', '5M37766', '2012-07-26', 1, '', 147, 25),
(293, 'C326157', '', '2012-12-10', 1, '', 152, 10),
(294, 'C326158', '', '2012-12-10', 1, '', 153, 10),
(295, 'C326163', '', '2012-12-10', 1, '', 113, 10),
(296, 'C326266', '', '2012-12-10', 1, '', 151, 10),
(297, 'C326268', '', '2012-12-10', 1, '', 150, 10),
(298, 'C326672', '5M36734', '2012-06-05', 1, '', 102, 25),
(299, 'C327023', '', '2012-10-01', 1, '', 113, 7),
(300, 'C327025', '', '2013-11-06', 0, '', 999, 7),
(301, 'C327134', '', '2012-10-01', 1, '', 138, 7),
(302, 'C327184', '', '2012-10-10', 1, '', 113, 6),
(303, 'C328002', '', '2014-09-01', 0, '', 999, 7),
(304, 'C328022', '', '2013-03-11', 1, '', 102, 7),
(305, 'C328023', '', '2013-03-11', 0, '', 113, 7),
(306, 'C328024', '', '2013-03-11', 1, '', 101, 7),
(307, 'C328025', '', '2016-01-07', 1, '07/31/2017 - from IAHS', 113, 7),
(308, 'C329076', '', '2013-06-13', 1, '', 46, 6),
(309, 'C329111', '', '2010-01-09', 1, '', 144, 10),
(310, 'C329112', '', '2013-06-07', 1, '', 149, 10),
(311, 'C329194', '', '2013-08-08', 1, '', 166, 7),
(312, 'C329195', '', '2013-08-08', 1, '', 165, 7),
(313, 'C329196', '', '2013-08-08', 1, '', 48, 7),
(314, 'C329197', '', '2013-08-08', 1, '', 156, 7),
(315, 'C329198', '', '2013-08-08', 1, '', 169, 7),
(316, 'C329199', '', '2013-08-08', 1, '', 155, 7),
(317, 'C329200', '', '2013-08-08', 1, '', 39, 7),
(318, 'C329201', '', '2013-08-08', 1, '', 113, 7),
(319, 'C329202', '', '2013-08-08', 1, '', 127, 7),
(320, 'C329428', '5M37767', '2013-07-30', 1, '', 15, 25),
(321, 'C329447', '5M46878', '2013-07-30', 1, '', 84, 25),
(322, 'C329448', '', '2013-07-30', 0, '', 113, 8),
(323, 'C329449', '', '2013-07-30', 0, '', 113, 2),
(324, 'C329450', '', '2013-07-30', 1, '', 15, 3),
(325, 'C329451', '', '2013-07-30', 1, '', 15, 19),
(326, 'C329453', '', '2013-07-30', 1, '', 129, 6),
(327, 'C329454', '5M46879', '2013-07-30', 1, '', 101, 25),
(328, 'C329455', '', '2013-07-30', 0, '', 999, 8),
(329, 'C329456', '', '2013-07-30', 0, '', 113, 2),
(330, 'C329457', '', '2013-07-30', 1, '', 43, 3),
(331, 'C329458', '', '2013-07-30', 0, '', 999, 20),
(332, 'C329460', '', '2013-07-30', 1, '', 155, 6),
(333, 'C329461', '5M46880', '2013-07-30', 1, '', 50, 25),
(334, 'C329462', '', '2013-07-30', 1, '', 128, 8),
(335, 'C329463', '', '2013-07-30', 1, '', 25, 2),
(336, 'C329464', '', '2013-07-30', 1, '', 15, 3),
(337, 'C329465', '', '2013-07-30', 1, '', 113, 19),
(338, 'C329467', '', '2013-07-30', 1, 'from Starbucks', 113, 6),
(339, 'C329468', '5M46881', '2013-07-30', 1, '', 128, 25),
(340, 'C329469', '', '2013-07-30', 0, '', 113, 8),
(341, 'C329470', '', '2013-07-30', 1, '', 165, 2),
(342, 'C329471', '', '2013-07-30', 1, '', 155, 3),
(343, 'C329472', '2260112080600248', '2013-07-30', 1, '', 113, 19),
(344, 'C329474', '', '2013-07-30', 0, '', 113, 6),
(345, 'C329475', '5M46882', '2013-07-30', 1, '', 103, 25),
(346, 'C329476', '', '2013-07-30', 1, '', 25, 8),
(347, 'C329477', '', '2013-07-30', 1, '', 166, 2),
(348, 'C329478', '', '2013-07-30', 1, '', 113, 3),
(349, 'C329479', '2260112080600261', '2013-07-30', 1, '', 113, 19),
(350, 'C329481', '', '2013-07-30', 1, '', 166, 6),
(351, 'C329482', '5M46883', '2013-07-30', 1, '', 63, 25),
(352, 'C329483', '', '2013-07-30', 0, '', 999, 8),
(353, 'C329484', '', '2013-07-30', 1, '', 113, 2),
(354, 'C329485', '', '2013-07-30', 1, '', 43, 3),
(355, 'C329486', '2260112080600262', '2013-07-30', 1, '', 113, 19),
(356, 'C329488', '', '2013-07-30', 1, '', 39, 6),
(357, 'C329489', '5M46884', '2013-07-30', 1, '', 116, 25),
(358, 'C329490', '', '2013-07-30', 1, 'USB', 113, 8),
(359, 'C329491', '', '2013-07-30', 1, '', 113, 2),
(360, 'C329492', '', '2013-07-30', 1, '', 156, 3),
(361, 'C329493', '', '2013-07-30', 1, '', 113, 19),
(362, 'C329495', '', '2016-01-07', 1, '', 71, 6),
(363, 'C329496', '5M46885', '2013-07-30', 1, '', 156, 25),
(364, 'C329497', '', '2013-07-30', 0, '', 999, 8),
(365, 'C329498', '', '2013-07-30', 1, '', 155, 2),
(366, 'C329499', '', '2013-07-30', 1, '', 155, 3),
(367, 'C329500', '', '2013-07-30', 1, '', 156, 19),
(368, 'C329502', '', '2013-07-30', 0, '', 113, 6),
(369, 'C329503', '5M46886', '2013-07-30', 1, '', 155, 25),
(370, 'C329504', '', '2013-07-30', 1, 'USB', 113, 8),
(371, 'C329505', '', '2013-07-30', 1, '', 156, 2),
(372, 'C329506', '', '2013-07-30', 1, '', 156, 3),
(373, 'C329507', '', '2013-07-30', 1, '', 155, 19),
(374, 'C329509', '', '2013-07-30', 1, '', 165, 6),
(375, 'C330185', '', '2013-10-29', 1, '', 167, 5),
(376, 'C331748', '', '2014-07-25', 1, '', 100, 6),
(377, 'C333366', '', '2014-09-15', 1, '', 113, 5),
(378, 'C333492', '5M54139', '2015-01-08', 1, '', 39, 25),
(379, 'C334213', '5M59110', '2015-01-05', 1, '', 71, 25),
(380, 'C334214', '5M59109', '2015-01-08', 1, '', 55, 25),
(381, 'C334215', '5M59114', '2015-01-08', 1, '', 23, 25),
(382, 'C334216', '5M59118', '2015-01-08', 1, '', 21, 25),
(383, 'C334217', '5M59117', '2015-01-08', 1, '', 37, 25),
(384, 'C334218', '5M59107', '2015-01-08', 1, '', 40, 25),
(385, 'C334219', '5M59119', '2015-01-08', 0, '', 999, 25),
(386, 'C334220', '5M59121', '2015-01-08', 1, '', 138, 25),
(387, 'C334221', '5M59120', '2015-01-08', 1, '', 48, 25),
(388, 'C334222', '5M59122', '2015-01-08', 1, '', 127, 25),
(389, 'C334223', '5M59106', '2015-01-08', 1, '', 60, 25),
(390, 'C334224', '5M59115', '2015-01-08', 1, '', 43, 25),
(391, 'C334225', '5M59112', '2015-01-08', 1, 'from IAHS-TH', 129, 25),
(392, 'C334226', '5M59105', '2015-01-08', 1, '', 11, 25),
(393, 'C334227', '5M59116', '2015-01-08', 1, '', 131, 25),
(394, 'C334228', '5M59108', '2015-01-08', 1, '', 56, 25),
(395, 'C334229', '5M59111', '2015-01-08', 1, '', 61, 25),
(396, 'C334230', '5M59113', '2015-01-08', 1, '', 31, 25),
(397, 'C338929', '', '2016-08-30', 1, '', 113, 7),
(398, 'C340514', '', '2017-12-20', 1, 'NEW DCT-3 TERMINAL FROM HEARTLAND', 113, 5),
(399, 'C341999', '', '2016-08-30', 1, '', 113, 7),
(400, 'C343213', '', '2016-08-30', 1, '', 113, 7),
(401, 'C343219', '', '2016-08-30', 1, '', 113, 7),
(402, 'C343222', '', '2016-08-30', 1, 'FROM CENTRO TO SPARE', 113, 7),
(403, 'C343225', '', '2016-08-30', 1, '', 113, 7),
(404, 'C343231', '', '2016-08-30', 1, '', 113, 7),
(405, 'C343239', '', '2016-08-30', 1, 'FROM CENTRO', 113, 7),
(406, 'C343242', '', '2016-08-30', 1, '', 113, 7),
(407, 'C343248', '', '2016-08-30', 1, '', 113, 7),
(408, 'C343263', '', '2016-08-30', 1, '', 100, 7),
(409, 'C343266', '', '2016-08-30', 1, '', 113, 7),
(410, 'C343268', '', '2016-08-30', 1, '', 113, 7),
(411, 'C343269', '', '2016-08-30', 1, '', 31, 7),
(412, 'C343286', '', '2016-08-30', 1, 'MOVED TO CENTRO FROM SPARE', 37, 7),
(413, 'C344001', 'E201001291', '2016-11-02', 1, '', 113, 13),
(414, 'C344002', 'E201001230', '2016-11-02', 1, '', 113, 13),
(415, 'C344003', 'E201001189', '2016-11-02', 1, '', 113, 13),
(416, 'C344004', 'E201001128', '2016-11-02', 1, '', 113, 13),
(417, 'C344101', 'E201001248', '2016-11-02', 1, '', 113, 13),
(418, 'C344102', 'E201001247', '2016-11-02', 1, '', 113, 13),
(419, 'CD-BM3-A1', '', '2005-07-01', 1, '', 103, 3),
(420, 'CD-BM3-A3', '', '2005-07-01', 1, '', 103, 3),
(421, 'CD-BMTH1-A5', '', '2005-07-01', 1, '', 102, 3),
(422, 'CD-BMTH2-A3', '', '2005-07-01', 1, '', 101, 3),
(423, 'CD-BMTH2-A5', '', '2013-09-17', 1, '', 101, 3),
(424, 'CD-BRID-A3', '', '2010-01-09', 1, '', 84, 3),
(425, 'CD-BRID--A3', '', '2011-09-02', 1, '', 84, 3),
(426, 'CD-CAFE1-A5', '', '2006-11-16', 1, '', 100, 3),
(427, 'CD-CAFE1-A8', '', '2000-01-01', 1, '', 100, 3),
(428, 'CD-CAFE2-A1', '', '2008-11-16', 1, '', 69, 3),
(429, 'CD-CAFE2-A5', '', '2008-06-05', 1, '', 69, 3),
(430, 'CD-CAFF-A10', '', '2009-08-27', 1, '', 71, 3),
(431, 'CD-CAFF-A4', '', '2008-09-01', 1, '', 71, 3),
(432, 'CD-CENTRO1-1', '', '2010-09-01', 1, '', 37, 3),
(433, 'CD-CENTRO1-2', '', '2010-09-01', 1, '', 37, 3),
(434, 'CD-CENTRO2-1', '', '2009-08-28', 1, '', 40, 3),
(435, 'CD-CENTRO2-2', '', '2009-08-28', 1, '', 40, 3),
(436, 'CD-CENTRO3-1', '', '2009-08-28', 1, '', 31, 3),
(437, 'CD-CENTRO3-2', '', '2009-08-28', 1, '', 31, 3),
(438, 'CD-CENTRO4-1', '', '2009-08-28', 1, '', 39, 3),
(439, 'CD-CENTRO4-2', '', '2009-08-28', 1, '', 39, 3),
(440, 'CD-ECAFE-1', '', '2009-05-01', 1, '', 128, 3),
(441, 'CD-ECAFE-2', '', '2009-05-01', 1, '', 128, 3),
(442, 'CD-EMW1-A6', '', '2000-01-01', 1, '', 25, 3),
(443, 'CD-EMW2-A10', '', '2000-01-01', 1, '', 60, 3),
(444, 'CD-IAHS1-A1', '', '2008-06-10', 1, '', 50, 3),
(445, 'CD-IAHS1-A3', '', '2008-06-10', 1, '', 50, 3),
(446, 'CD-IAHS2-A1', '', '2008-06-10', 1, '', 46, 3),
(447, 'CD-IAHS2-A5', '', '2008-06-10', 1, '', 129, 3),
(448, 'CD-MMM1-A6', '', '2000-01-01', 1, '', 63, 3),
(449, 'CD-MMMTH-A3', '', '2000-01-01', 1, '', 46, 3),
(450, 'CD-REAC-1', '', '2008-10-24', 1, '', 116, 3),
(451, 'CD-REAC-2', '', '2008-10-24', 1, '', 116, 3),
(452, 'CD-SPARE', '', '2000-01-01', 0, '', 113, 3),
(453, 'CD-SPARE-201', '', '2009-08-21', 1, '', 113, 3),
(454, 'CD-TH-1', '', '2013-05-17', 1, '', 55, 3),
(455, 'CD-TH-2', '', '2013-05-17', 1, '', 56, 3),
(456, 'CD-WILL-H-1', '', '2009-05-01', 1, '', 131, 3),
(457, 'CD-WILL-H-2', '', '2009-05-01', 1, '', 131, 3),
(458, 'CD-WILL-H-U1', '', '2009-05-01', 1, '', 127, 3),
(459, 'CD-WILL-H-U2', '', '2009-05-01', 1, '', 127, 3),
(460, 'COMM-ADMIN', 'T5007315', '2000-01-01', 1, '', 10, 4),
(461, 'CXXXXX1', '5M60433', '2016-03-29', 1, '', 113, 25),
(462, 'D208302156', '', '2009-05-01', 1, '', 39, 6),
(463, 'D208302157', '', '2009-05-01', 1, '', 40, 6),
(464, 'D208302158', '', '2009-05-01', 0, '', 999, 6),
(465, 'D208302159', '', '2009-05-01', 1, '', 127, 6),
(466, 'D208302160', '', '2010-09-01', 1, '', 37, 6),
(467, 'D208302161', '', '2009-05-01', 1, '', 40, 6),
(468, 'D208302162', '', '2016-01-07', 1, '', 43, 6),
(469, 'D208302163', '', '2009-05-01', 1, '', 131, 6),
(470, 'D208302164', '', '2009-08-21', 1, '', 15, 6),
(471, 'D208302165', '', '2009-05-01', 1, '', 69, 6),
(472, 'D209701378', '', '2009-10-15', 1, '', 23, 6),
(473, 'D209701379', '', '2009-10-15', 1, '', 23, 6),
(474, 'D209701380', '', '2009-10-15', 1, '', 11, 6),
(475, 'D209701381', '', '2009-10-15', 1, '', 174, 6),
(476, 'D209701382', '', '2010-09-01', 1, '', 37, 6),
(477, 'D209701393', '', '2009-10-15', 1, '', 69, 6),
(478, 'D209701394', '', '2009-10-15', 1, '', 21, 6),
(479, 'D209701419', '', '2009-10-15', 1, '', 71, 6),
(480, 'D209701420', '', '2009-10-15', 1, '', 43, 6),
(481, 'D209701421', '', '2009-10-15', 1, '', 138, 6),
(482, 'D209701422', '', '2010-09-01', 1, 'FROM SPARE', 156, 6),
(483, 'D209801381', '', '2010-09-01', 1, '', 31, 6),
(484, 'D20A502114', '', '2010-12-15', 1, '', 48, 6),
(485, 'D20A800624', '', '2010-12-15', 1, '', 138, 6),
(486, 'D20A800625', '', '2010-12-15', 1, '', 11, 6),
(487, 'D20A800627', '', '2010-12-15', 1, '', 48, 6),
(488, 'D20A800652', '', '2010-12-23', 1, '', 21, 6),
(489, 'D20A800665', '', '2010-12-23', 1, 'No Pole', 113, 6),
(490, 'D23B801337', '', '2012-05-01', 0, '', 113, 6),
(491, 'D23B801338', '', '2012-05-01', 1, 'Display at Booster Juice', 147, 6),
(492, 'D23B801339', '', '2012-05-01', 0, '', 113, 6),
(493, 'D23B801340', '', '2012-05-01', 1, '', 103, 6),
(494, 'D23C900264', '', '2015-08-01', 1, '', 100, 6),
(495, 'ECAFE-ADMIN', '', '2009-05-01', 1, '', 137, 4),
(496, 'EMW-ADMIN', '', '2000-01-01', 1, '', 62, 4),
(497, 'HS-DIRECTOR', '', '2009-05-01', 1, '', 5, 4),
(498, 'IAHS-ADMIN', '', '2009-05-01', 1, '', 125, 4),
(499, 'LP-ADMIN', '', '2009-05-01', 1, '', 6, 4),
(500, 'M1J23B89D', '', '2000-01-01', 1, '', 100, 24),
(501, 'M1J23C86E', '', '2000-01-01', 1, '', 69, 24),
(502, 'M1J26G33B', '', '2010-08-11', 0, '', 999, 24),
(503, 'M1J27M51N', '', '2000-01-01', 0, '', 113, 24),
(504, 'M1K03P61A', '', '2008-06-10', 1, '', 71, 24),
(505, 'M1K03P63W', '', '2000-01-01', 1, '', 84, 24),
(506, 'M1K03P72B', '', '2000-01-01', 1, '', 116, 24),
(507, 'M1K03P72U', '', '2000-01-01', 1, '', 69, 24),
(508, 'M1K03P72W', '', '2008-10-24', 1, '', 100, 24),
(509, 'M1K03P76R', '', '2009-05-01', 1, '', 63, 24),
(510, 'M1K12V21M', '', '2007-04-27', 1, '', 50, 24),
(511, 'M1K13J26A', '', '2007-04-27', 1, '', 102, 24),
(512, 'M1K13J49Y', '', '2007-04-27', 1, '', 103, 24),
(513, 'M1K13J76A', '', '2007-04-27', 1, '', 101, 24),
(514, 'M1L44T39B', '', '2009-10-25', 1, '', 174, 24),
(515, 'M1L44T42E', '', '2009-05-01', 1, '', 131, 24),
(516, 'M1L44T42L', '', '2009-05-01', 1, '', 23, 24),
(517, 'M1L44T45Y', '', '2009-05-01', 1, '', 127, 24),
(518, 'M1L73B32B', '', '2010-09-01', 1, '', 31, 24),
(519, 'M1L73B32K', '', '2010-09-01', 1, '', 40, 24),
(520, 'M1L73B32R', '', '2009-12-31', 1, '', 25, 24),
(521, 'M1L73B32W', '', '2010-01-11', 1, '', 113, 24),
(522, 'M1L93V70G', '', '2010-09-01', 1, '', 37, 24),
(523, 'M1L93V70M', '', '2009-05-01', 1, '', 43, 24),
(524, 'M1L93V73C', '', '2010-01-09', 1, 'From MMM-TH moved to Spare', 113, 24),
(525, 'M1L93V73K', '', '2010-05-11', 1, '', 11, 24),
(526, 'M1L93V73L', '', '2010-09-01', 1, '', 40, 24),
(527, 'M1M17M58G', '', '2010-09-29', 1, '', 37, 24),
(528, 'M1M21R36T', '', '2010-05-11', 1, '', 138, 24),
(529, 'M1M21R36U', '', '2010-01-09', 1, '', 48, 24),
(530, 'M1M21R36V', '', '2010-05-11', 1, '', 11, 24),
(531, 'M1M21R36W', '', '2010-01-09', 0, '', 999, 24),
(532, 'M1M21R37D', '', '2010-05-11', 1, '', 138, 24),
(533, 'M1M21R37U', '', '2010-01-09', 1, '', 21, 24),
(534, 'M1M21R37V', '', '2010-01-09', 1, '', 21, 24),
(535, 'M1M37T46T', '', '2010-09-01', 1, '', 60, 24),
(536, 'M1M37T46W', '', '2010-09-01', 1, '', 39, 24),
(537, 'M1M48C32N', '', '2010-09-01', 1, '', 31, 24),
(538, 'M1M78F37T', '', '2011-02-14', 1, '', 39, 24),
(539, 'M1M78F37U', '', '2010-01-09', 1, '', 61, 24),
(540, 'M1M78F38C', '', '2010-05-11', 1, '', 15, 24),
(541, 'M1M78F39D', '', '2010-08-11', 1, '', 23, 24),
(542, 'M1N85G76P', '', '2010-01-01', 1, '', 128, 24),
(543, 'M1P61K91V', '', '2013-01-01', 1, '', 155, 24),
(544, 'M1P61K92D', '', '2013-01-01', 1, '', 156, 24),
(545, 'MS-EP125-3', '', '2010-01-09', 1, '', 113, 3),
(546, 'MS-EP125NK-M-B-C1', '', '2013-04-03', 1, '', 147, 3),
(547, 'MS-EP125NK-M-B-C-2', '', '2013-04-03', 1, '', 147, 3),
(548, 'POWER-JHE', '', '2009-05-01', 1, '', 23, 2),
(549, 'S14141010502810', '', '2014-06-23', 1, '', 165, 24),
(550, 'S14141010502829', '', '2014-06-23', 1, '', 166, 24),
(551, 'SP512-BR', '', '2000-01-01', 0, '', 999, 17),
(552, 'SV431USB', '', '2010-01-09', 1, '', 1, 1),
(553, 'T320-11-1', '', '2000-01-01', 1, '', 11, 3),
(554, 'T320-11-2', '', '2000-01-01', 1, '', 11, 3),
(555, 'T320-21-1', '', '2000-01-01', 1, '', 21, 3),
(556, 'T320-21-2', '', '2000-01-01', 1, '', 21, 3),
(557, 'T320-22-1', '', '2000-01-01', 1, '', 138, 3),
(558, 'T320-22-2', '', '2000-01-01', 1, '', 138, 3),
(559, 'T320-48-1', '', '2009-09-01', 1, '', 48, 3),
(560, 'T320-48-2', '', '2009-09-01', 1, '', 48, 3),
(561, 'W1437231071417-0137', '', '2017-09-06', 1, '', 113, 3),
(562, 'W1437231071417-0138', '', '2017-09-06', 1, '', 113, 3),
(563, 'W1437231071417-0176', '', '2017-09-06', 1, '', 113, 3),
(564, 'W1446251081817-0001', '', '2017-09-06', 1, '', 113, 3),
(565, 'W1450421081817-0013', '', '2017-09-06', 1, '', 113, 3),
(566, 'WILL-HS-ADMIN', '', '2009-09-01', 1, '', 132, 4);

-- --------------------------------------------------------

--
-- Table structure for table `location`
--

DROP TABLE IF EXISTS `location`;
CREATE TABLE IF NOT EXISTS `location` (
  `location_id` int(11) NOT NULL AUTO_INCREMENT,
  `organization_id` int(11) NOT NULL,
  `location_name` varchar(45) NOT NULL,
  `location_is_active` tinyint(1) NOT NULL DEFAULT '1',
  `location_description` varchar(255) DEFAULT NULL,
  PRIMARY KEY (`location_id`),
  KEY `fk_organization_id` (`organization_id`)
) ENGINE=MyISAM AUTO_INCREMENT=95 DEFAULT CHARSET=latin1;

--
-- Dumping data for table `location`
--

INSERT INTO `location` (`location_id`, `organization_id`, `location_name`, `location_is_active`, `location_description`) VALUES
(5, 2, 'Fireball Cafe', 1, NULL),
(9, 3, 'Centro', 1, NULL),
(14, 6, 'Pizza Pizza', 1, NULL),
(16, 6, 'ES Marios', 1, NULL),
(18, 6, 'Pita Pit', 1, NULL),
(19, 2, 'IAHS Cafe', 1, NULL),
(20, 3, 'Bridges Cafe', 1, NULL),
(23, 2, 'Tim Hortons', 1, NULL),
(24, 2, 'Made-In-Japan Teriyaki', 1, NULL),
(25, 2, 'Williams MUSC', 1, NULL),
(26, 7, 'EMW Bistro', 1, NULL),
(27, 3, 'My Mini Mac', 1, NULL),
(28, 6, 'Twelve Eighty', 1, NULL),
(31, 6, 'Boston Pizza', 1, NULL),
(32, 2, 'Cafe One', 1, NULL),
(33, 2, 'Caffeine', 1, NULL),
(35, 6, 'Basilique', 1, NULL),
(38, 2, 'ByMac Cafe', 1, NULL),
(39, 6, 'Gino\'s Pizza', 1, NULL),
(41, 3, 'The Reactor', 1, NULL),
(46, 2, 'William HSC', 1, NULL),
(47, 2, 'E- Cafe', 1, NULL),
(49, 6, 'Imperial Vending', 1, NULL),
(50, 2, 'Booster Juice MUSC', 1, NULL),
(51, 6, 'Pepsico', 1, NULL),
(52, 2, 'Starbucks', 1, NULL),
(53, 6, 'Farmstand', 1, NULL),
(54, 2, 'Bistro-DSB', 1, NULL),
(55, 6, 'Subway', 1, NULL),
(57, 6, 'Great Taste Only', 1, NULL),
(59, 2, 'Atrium-MIP', 1, NULL),
(60, 6, 'Taro', 1, NULL),
(61, 6, 'Rawlicious', 1, NULL),
(62, 6, 'The Work\'s Burger', 1, NULL),
(63, 6, 'Ye Old Squire', 1, NULL),
(64, 6, 'Kuma\'s Candy', 1, 'Kuma\'s');

-- --------------------------------------------------------

--
-- Table structure for table `maintenance_history`
--

DROP TABLE IF EXISTS `maintenance_history`;
CREATE TABLE IF NOT EXISTS `maintenance_history` (
  `mh_id` int(11) NOT NULL AUTO_INCREMENT,
  `mh_date` date NOT NULL,
  `mh_description` varchar(255) DEFAULT NULL,
  `user_id` int(11) NOT NULL,
  `inventory_id` int(11) NOT NULL,
  PRIMARY KEY (`mh_id`),
  UNIQUE KEY `mh_id_UNIQUE` (`mh_id`),
  KEY `fk_user_id` (`user_id`),
  KEY `fk_inventory_id` (`inventory_id`)
) ENGINE=MyISAM AUTO_INCREMENT=6 DEFAULT CHARSET=latin1;

--
-- Dumping data for table `maintenance_history`
--

INSERT INTO `maintenance_history` (`mh_id`, `mh_date`, `mh_description`, `user_id`, `inventory_id`) VALUES
(1, '2018-03-05', NULL, 1, 1),
(2, '2018-03-01', 'transfer from Terminal 1 to 5', 1, 1),
(5, '2018-03-15', 'Test', 9, 11);

-- --------------------------------------------------------

--
-- Table structure for table `organization`
--

DROP TABLE IF EXISTS `organization`;
CREATE TABLE IF NOT EXISTS `organization` (
  `organization_id` int(11) NOT NULL AUTO_INCREMENT,
  `organization_name` varchar(50) NOT NULL,
  `organization_description` varchar(255) NOT NULL,
  `organization_is_active` tinyint(1) NOT NULL DEFAULT '1',
  PRIMARY KEY (`organization_id`)
) ENGINE=InnoDB AUTO_INCREMENT=31 DEFAULT CHARSET=latin1;

--
-- Dumping data for table `organization`
--

INSERT INTO `organization` (`organization_id`, `organization_name`, `organization_description`, `organization_is_active`) VALUES
(1, 'Business Office', 'heloo', 1),
(2, 'Cash Operations', '', 1),
(3, 'Residence', '', 1),
(4, 'Bar & Catering', '', 1),
(5, 'Refectory/RathSkellar', '', 1),
(6, 'Off Campus Vendors', '', 1),
(7, 'Mary Keyes Residence', '', 1),
(27, 'test', 'test', 1);

-- --------------------------------------------------------

--
-- Table structure for table `supplier`
--

DROP TABLE IF EXISTS `supplier`;
CREATE TABLE IF NOT EXISTS `supplier` (
  `supplier_id` int(11) NOT NULL AUTO_INCREMENT,
  `supplier_name` varchar(45) NOT NULL,
  `supplier_address` varchar(255) DEFAULT NULL,
  `supplier_contact` varchar(45) DEFAULT NULL,
  `supplier_email` varchar(45) DEFAULT NULL,
  `supplier_description` varchar(255) DEFAULT NULL,
  PRIMARY KEY (`supplier_id`),
  UNIQUE KEY `supplier_id_UNIQUE` (`supplier_id`)
) ENGINE=MyISAM AUTO_INCREMENT=9 DEFAULT CHARSET=latin1;

--
-- Dumping data for table `supplier`
--

INSERT INTO `supplier` (`supplier_id`, `supplier_name`, `supplier_address`, `supplier_contact`, `supplier_email`, `supplier_description`) VALUES
(1, 'Touchnet', 'TouchNet Information Systems, Inc.\r\n15520 College Blvd.\r\nLenexa, Kansas 66219', '1.800.869.8329', 'info@touchnet.com', 'Nothing'),
(2, 'Master Distributors Inc.', '11965 Hurontario Street', '647-295-7840', 'sales@masterdistributors.ca', 'Raj Sharma'),
(7, 'test-edit', 'test-edit', 'test-edit', 'test-edit@test.com', 'test-edit'),
(8, 'Test88', ' Valley', '1.800.869.8329', 'tester@test.com', 'No');

-- --------------------------------------------------------

--
-- Table structure for table `terminal`
--

DROP TABLE IF EXISTS `terminal`;
CREATE TABLE IF NOT EXISTS `terminal` (
  `terminal_id` int(11) UNSIGNED NOT NULL AUTO_INCREMENT,
  `terminal_reg_number` int(11) UNSIGNED DEFAULT NULL,
  `terminal_name` varchar(45) NOT NULL,
  `terminal_network_address` varchar(45) DEFAULT NULL,
  `terminal_network_name` varchar(45) DEFAULT NULL,
  `terminal_mac_address` varchar(45) NOT NULL,
  `terminal_is_active` tinyint(1) NOT NULL DEFAULT '1',
  `terminal_description` varchar(255) DEFAULT NULL,
  `location_id` int(11) UNSIGNED NOT NULL,
  PRIMARY KEY (`terminal_id`),
  UNIQUE KEY `terminal_id_UNIQUE` (`terminal_id`),
  KEY `fk_location_id` (`location_id`)
) ENGINE=MyISAM AUTO_INCREMENT=205 DEFAULT CHARSET=latin1;

--
-- Dumping data for table `terminal`
--

INSERT INTO `terminal` (`terminal_id`, `terminal_reg_number`, `terminal_name`, `terminal_network_address`, `terminal_network_name`, `terminal_mac_address`, `terminal_is_active`, `terminal_description`, `location_id`) VALUES
(1, 1, 'Network Manager 1', '130.113.143.103', 'GMC-C128-NetMan2.Admin.McMaster.CA', '00-11-11-9F-9E-36', 1, '', 5),
(2, 11, 'Mac Express', '130.113.143.101', 'GMC-C128-MacExpress1.Admin.McMaster.CA', '2C-41-38-9E-68-FA', 1, '', 23),
(11, 12, 'La Piazza-1', '130.113.30.133', 'GMC-MUSC-PiaAQC1.Admin.McMaster.CA', '00-07-32-2F-C0-AD', 1, '', 35),
(15, 161, 'Teriyaki (MI)', '130.113.30.137', 'GMC-MUSC-PiaMIJ1.Admin.McMaster.CA', '00-03-47-EF-F4-EC', 1, 'sd', 23),
(21, 14, 'La Piazza 3', '130.113.30.136', 'GMC-MUSC-PiaAQC3.Admin.McMaster.CA', '00-07-32-2F-C0-7A', 1, '', 27),
(23, 11, 'Fireball Cafe (JHE)', '130.113.3.76', 'GMC-JHE-Foyer-1.Admin.McMaster.CA', '00-07-32-2F-C1-20', 1, NULL, 5),
(25, 1, 'EMW-1', '130.113.124.73', 'GMC-Keyes-1.Admin.McMaster.CA', '00-07-32-2F-C1-5B', 1, NULL, 26),
(31, 3, 'Centro-3', '130.113.143.100', 'GMC-C-Caf3.Admin.McMaster.CA', '00-07-32-2F-C1-25', 1, NULL, 9),
(37, 1, 'Centro-1', '130.113.143.98', 'GMC-C-Caf1.Admin.McMaster.CA', '00-07-32-2F-C1-1C', 1, NULL, 9),
(39, 4, 'Centro-4', '130.113.143.108', 'GMC-C-Test.Admin.McMaster.CA', '00-07-32-2F-C2-70', 1, NULL, 9),
(40, 2, 'Centro-2', '130.113.143.99', 'GMC-C-Caf2.Admin.McMaster.CA', '00-07-32-2F-C1-26', 1, NULL, 9),
(43, 10, 'IAHS-CAFE-2', '130.113.133.127', 'GMC-IAHS-2.Admin.McMaster.CA', '00-07-32-2F-C1-58', 1, NULL, 19),
(46, 6, 'MMM-TH', '130.113.124.77', 'GMC-Keyes-5.Admin.McMaster.CA', '40-2C-F4-93-21-A6', 1, NULL, 27),
(48, 15, 'LAPIAZZA-4', '130.113.137.138', 'LaPiazza-Cash.Services.McMaster.CA', '00-07-32-2F-C0-7C', 1, '', 47),
(50, 8, 'CAFFEINE', '130.113.210.45', '11POS-1.Services.McMaster.CA', '0-2C-F4-94-FE-8F', 1, NULL, 33),
(53, 89, 'FABO MANAGER', '130.113.143.61', 'GMC-C117-SABO-Mgr.Admin.McMaster.CA', '08-2E-5F-26-EB-BF', 1, '', 60),
(55, 19, 'TIM HORTONS-1', '130.113.30.138', 'GMC-MUSC-PiaTimH1.Admin.McMaster.CA', '00-07-32-2F-C1-22', 1, NULL, 23),
(56, 20, 'TIM HORTONS-2', '130.113.30.139', 'GMC-MUSC-PiaTimH2.Admin.McMaster.CA', '00-07-32-2F-C0-B1', 1, NULL, 23),
(60, 2, 'EMW-2', '130.113.124.74', 'GMC-Keyes-2.Admin.McMaster.CA', '00-07-32-2F-C1-2C', 1, NULL, 26),
(61, 3, 'EMW-3 BAR', '130.113.124.75', 'GMC-Keyes-3.Admin.McMaster.CA', '00-07-32-2F-C1-12', 1, NULL, 26),
(62, 111, 'EMW BISTRO-ADMIN', '130.113.124.78', 'GMC-Keyes-6.Admin.McMaster.CA', '00-0F-FE-EA-33-DF', 1, '', 26),
(63, 5, 'MMM-1', '130.113.124.76', 'GMC-Keyes-4.Admin.McMaster.CA', '40-2C-F4-94-FE-D7', 1, NULL, 27),
(69, 5, 'CAFEONE-2', '130.113.144.34', '52POS-2.Services.McMaster.CA', '70-F3-95-C0-D0-86', 1, NULL, 32),
(71, 6, 'IAHS-CAFE-1', '130.113.133.22', 'GMC-IAHS-1.Admin.McMaster.CA', '00-07-32-2F-C2-43', 1, NULL, 19),
(84, 7, 'BRIDGES-1', '130.113.40.33', 'GMC-RAT-1.Admin.McMaster.CA', '40-2C-F4-94-FE-8D', 1, NULL, 20),
(100, 4, 'CAFEONE-1', '130.113.144.33', '52POS-1.Services.McMaster.CA', '70-F3-95-C0-D1-3B', 1, NULL, 32),
(101, 2, 'BYMACTH-2', '130.113.25.122', 'Bymac-2.Services.McMaster.CA', '40-2C-F4-94-FE-85', 1, NULL, 38),
(102, 1, 'BYMACTH-1', '130.113.25.121', 'Bymac-1.Services.McMaster.CA', '70-F3-95-C1-6C-C5', 1, NULL, 38),
(103, 3, 'BYMAC-3', '130.113.25.124', 'Bymac-4.Services.McMaster.CA', '40-2C-F4-94-FE-88', 1, NULL, 38),
(104, 39, 'BYMAC ADMIN', '130.113.25.125', 'Bymac-5.Services.McMaster.CA', '00-0F-FE-F9-BF-EA', 1, '', 38),
(116, 8, 'THE REACTOR CAFE', '130.113.214.89', 'thode-pos.Services.McMaster.CA', '40-2C-F4-94-F9-49', 1, NULL, 41),
(125, 20, 'IAHS-ADMIN', '130.113.133.195', 'GMC-IAHS-Admin.Admin.McMaster.CA', '00-22-15-26-E1-BD', 1, '', 19),
(127, 21, 'WILLIAMS-HSC-2', '130.113.154.102', 'POS-2B3.Services.McMaster.CA', '00-07-32-2F-C0-5C', 1, NULL, 46),
(128, 7, 'ECAFE', '130.113.86.33', 'ecafe2-etb.Services.McMaster.CA', '40-2C-F4-94-FE-B0', 1, NULL, 47),
(129, 9, 'IAHS-CAFE-TH', '130.113.133.106', 'GMC-iahs-TH.Admin.McMaster.CA', '00-07-32-2F-C1-1B', 1, NULL, 19),
(131, 22, 'WILLIAMS-HSC-1', '130.113.245.195', 'POS-1A2.Services.McMaster.CA', '00-07-32-2F-C1-54', 1, NULL, 46),
(132, NULL, 'WILLIAMS-HSC ADMIN', '130.113.153.108', 'gmc-admin-hsc.CSU.McMaster.CA', '00-22-15-D2-32-FE', 1, NULL, 46),
(137, NULL, 'ECAFE-ADMIN', '130.113.86.10', 'PC-ECafeMgr.Admin.McMaster.CA', '00-22-15-BB-98-15,1', 1, NULL, 47),
(138, 13, 'LAPIAZZA-2', '130.113.30.134', 'GMC-MUSC-PiaAQC2.Admin.McMaster.CA', '00-07-32-2F-C1-53', 1, '', 39),
(143, 23, 'FABO ASSIST ADMIN', '130.113.143.120', 'sabo-acctasst3.Admin.McMaster.CA', 'E8-39-35-37-99-D6', 1, '', 27),
(147, 36, 'BOOSTER JUICE', '130.113.30.123', 'pos-booster1.Admin.McMaster.CA', '70-F3-95-C1-4E-B7', 1, NULL, 50),
(148, NULL, 'PEPSICO MUSC 6536', '130.113.137.59', 'pepsi-musc1.Services.McMaster.CA', '', 1, 'G2030', 51),
(149, NULL, 'PEPSICO DBAC 6499', '130.113.25.174', 'pepsi-dbac1.Services.McMaster.CA', '', 1, 'G203', 51),
(150, NULL, 'PEPSICO DBAC 6517', '130.113.25.184', 'pepsi-dbac2.Services.McMaster.CA', '', 1, 'G2032', 51),
(151, NULL, 'PEPSICO COMMONS 6518', '130.113.136.122', 'pepsi-dbac3.Services.McMaster.CA', '', 1, 'G2033', 51),
(152, NULL, 'PEPSICO DBAC 6545', '130.113.25.115', 'pepsi-mills1.Services.McMaster.CA', '', 1, 'G2034', 51),
(153, NULL, 'PEPSICO DBAC 6553', '130.113.25.138', 'pepsi-mills2.Services.McMaster.CA', '', 1, 'G2035', 51),
(155, 38, 'STARBUCKS-1', '130.113.137.132', 'POS-MUSC-1.Services.McMaster.CA', '70-F3-95-C1-FE-3E', 1, NULL, 52),
(156, 39, 'STARBUCKS-2', '130.113.137.136', 'POS-MUSC-2.Services.McMaster.CA', '70-F3-95-C1-99-8D', 1, NULL, 52),
(165, 49, 'BISTRO DSB-1', '130.113.186.208', 'DeGroote-POS1.Services.McMaster.CA', '00-07-32-2F-C6-05', 1, NULL, 54),
(166, 50, 'BISTRO DSB-2', '130.113.186.210', 'DeGroote-POS2.Services.McMaster.CA', '00-07-32-2F-C6-03', 1, NULL, 54),
(169, 48, 'TIM HORTONS-3', '130.113.30.243', 'GMC-MUSC-PiaTimH3.Admin.McMaster.CA', '', 1, NULL, 23),
(174, 52, 'ATRIUM MIP', '130.113.152.41', 'Bistro-POS.Services.McMaster.CA', '00-07-32-2F-C6-7B', 1, NULL, 59),
(180, 54, 'BYMAC - BOOSTER ORDER STATION', '130.113.25.88', 'BoosterJuice-POS.Admin.McMaster.CAA', '', 1, '', 38),
(113, 25, 'Spare Parts', '130.113.143.88', 'pc-sabolap-1.Admin.McMaster.CA', '', 1, 'Spare Parts', 23),
(204, 999, 'Inactive Devices', NULL, NULL, '', 1, NULL, 1);

-- --------------------------------------------------------

--
-- Table structure for table `user`
--

DROP TABLE IF EXISTS `user`;
CREATE TABLE IF NOT EXISTS `user` (
  `user_id` int(11) NOT NULL AUTO_INCREMENT,
  `user_name` varchar(45) NOT NULL,
  `user_password` varchar(45) CHARACTER SET latin1 COLLATE latin1_general_cs NOT NULL,
  `user_first_name` varchar(45) NOT NULL,
  `user_last_name` varchar(45) NOT NULL,
  `user_group` varchar(45) NOT NULL,
  `user_notes` varchar(255) NOT NULL,
  `user_email` varchar(255) NOT NULL,
  PRIMARY KEY (`user_id`)
) ENGINE=MyISAM AUTO_INCREMENT=65 DEFAULT CHARSET=latin1;

--
-- Dumping data for table `user`
--

INSERT INTO `user` (`user_id`, `user_name`, `user_password`, `user_first_name`, `user_last_name`, `user_group`, `user_notes`, `user_email`) VALUES
(1, 'markvidad', 'markvidad', 'mark', 'vidad', 'admin', 'admin', 'tes@test.com'),
(2, 'test', 'test', 'test', 'test', 'tech', 'test', 'tet@test.com'),
(3, 'test2', 'test2', 'test2', 'test2', 'notech', 'test', 'test@test.com'),
(5, 'Test88', 'Test88', 'Aaron', 'Paul', 'tech', 'he', 'est@test.com'),
(11, 'helloo', 'admin2', 'Nawal', 'Paul', 'notech', '', 'us@test.com'),
(64, 'puneet', 'puneet', 'Puneet', 'Puneet', 'admin', '', 'abc@gmail.com');
COMMIT;

/*!40101 SET CHARACTER_SET_CLIENT=@OLD_CHARACTER_SET_CLIENT */;
/*!40101 SET CHARACTER_SET_RESULTS=@OLD_CHARACTER_SET_RESULTS */;
/*!40101 SET COLLATION_CONNECTION=@OLD_COLLATION_CONNECTION */;
